{
  "employees": [
    {
      "name": "James Norris",
      "age": 44,
      "profession": "Web Developer",
      "salary": 76117
    },
    {
      "name": "Chad Davis",
      "age": 19,
      "profession": "Hairdresser",
      "salary": 94595
    },
    {
      "name": "Josh Carver",
      "age": 20,
      "profession": "Housekeeper",
      "salary": 37532
    },
    {
      "name": "Margaret Scott",
      "age": 57,
      "profession": "Paralegal",
      "salary": 147464
    },
    {
      "name": "Joseph Crouch",
      "age": 32,
      "profession": "Editor",
      "salary": 74901
    },
    {
      "name": "Sarah Henson",
      "age": 65,
      "profession": "Insurance Agent",
      "salary": 86238
    },
    {
      "name": "Horacio Castro",
      "age": 38,
      "profession": "Writer",
      "salary": 41110
    },
    {
      "name": "Julie Nelson",
      "age": 24,
      "profession": "Compliance Officer",
      "salary": 108335
    },
    {
      "name": "Vanessa Lopez",
      "age": 25,
      "profession": "Dental Hygienist",
      "salary": 98752
    },
    {
      "name": "Michael Harris",
      "age": 67,
      "profession": "Computer Programmer",
      "salary": 148992
    }
  ]
}
